4,57,100,148,187,228,276,326,363,410,454,498,542,591,638,689,727,781,824,870,920,971,1021,1075,1130,1245,1306,1360,1575,1679,,,,,,,,,,,,,,,,,,,,,,,,,,,,,,,,,,,,,,,,,,,,,,,,,,,,,,,,,,,,,,,,,,,,,,,,,,,,,,,,,,,,,,,,,,,,,,,,,,,,,,,,,,,,,,,,,,,,,,,,,,,,,,,,,,,,,,,,,,,,,
5,104,190,281,366,457,548,647,739,838,934,1038,1144,1269,1381,,,,,,,,,,,,,,,,,,,,,,,,,,,,,,,,,,,,,,,,,,,,,,,,,,,,,,,,,,,,,,,,,,,,,,,,,,,,,,,,,,,,,,,,,,,,,,,,,,,,,,,,,,,,,,,,,,,,,,,,,,,,,,,,,,,,,,,,,,,,,,,,,,,,,,,,,,,,
7,102,196,284,373,456,550,646,745,842,940,1041,1153,1268,1595,1697,1811,2617,2727,2842,,,,,,,,,,,,,,,,,,,,,,,,,,,,,,,,,,,,,,,,,,,,,,,,,,,,,,,,,,,,,,,,,,,,,,,,,,,,,,,,,,,,,,,,,,,,,,,,,,,,,,,,,,,,,,,,,,,,,,,,,,,,,,,,,,,,,,,,,,,,,,,,,,,,,,,
8,86,111,140,186,233,262,312,337,360,384,411,429,483,537,588,640,668,693,1585,1614,1749,1780,1869,1989,2024,2082,2115,2206,2268,2298,2363,2390,2422,2454,2485,2515,2540,2568,2626,2657,2768,2796,2859,,,,,,,,,,,,,,,,,,,,,,,,,,,,,,,,,,,,,,,,,,,,,,,,,,,,,,,,,,,,,,,,,,,,,,,,,,,,,,,,,,,,,,,,,,,,,,,,,,,,,,,,,,,,,,,,,,,,,,,,,,,,,,,
9,40,65,91,113,146,168,193,217,240,269,294,318,343,364,390,417,439,470,493,517,543,577,597,625,659,682,705,729,761,,,,,,,,,,,,,,,,,,,,,,,,,,,,,,,,,,,,,,,,,,,,,,,,,,,,,,,,,,,,,,,,,,,,,,,,,,,,,,,,,,,,,,,,,,,,,,,,,,,,,,,,,,,,,,,,,,,,,,,,,,,,,,,,,,,,,,,,,,,,,
10,42,92,114,167,195,238,266,315,341,388,416,465,490,539,570,611,645,694,720,778,806,855,884,966,1023,1057,1113,1141,1207,1241,1307,1403,1522,1581,1676,1708,1798,,,,,,,,,,,,,,,,,,,,,,,,,,,,,,,,,,,,,,,,,,,,,,,,,,,,,,,,,,,,,,,,,,,,,,,,,,,,,,,,,,,,,,,,,,,,,,,,,,,,,,,,,,,,,,,,,,,,,,,,,,,,,,,,,,,,,
11,59,103,150,361,406,447,491,584,673,715,815,859,907,954,1001,1061,1108,1165,1217,1274,1329,1384,1436,1489,1545,1593,1647,1701,1814,1868,1928,1987,2046,2101,2156,2219,2452,2505,,,,,,,,,,,,,,,,,,,,,,,,,,,,,,,,,,,,,,,,,,,,,,,,,,,,,,,,,,,,,,,,,,,,,,,,,,,,,,,,,,,,,,,,,,,,,,,,,,,,,,,,,,,,,,,,,,,,,,,,,,,,,,,,,,,,
12,48,72,101,158,235,532,613,652,925,988,1019,1051,1084,1121,1154,1193,1229,1267,1301,1336,1375,1409,1439,1472,1506,1539,1577,1612,1642,1677,1715,1748,1787,1829,1865,1903,1937,1972,2005,2045,2078,2119,2149,2187,2226,2259,2299,2343,2372,2413,2443,2479,2511,2548,2580,2610,2643,2674,2707,2737,2774,2813,2852,2882,2916,2953,2989,3020,3053,3075,3114,3146,,,,,,,,,,,,,,,,,,,,,,,,,,,,,,,,,,,,,,,,,,,,,,,,,,,,,,,,,,,,,,,,,,,,,,,,,,,,,,,,,,,,,,,,,,,,,,,,,,
14,197,286,372,461,559,653,747,847,943,1050,1166,1284,1396,1513,1617,1726,1838,1955,2079,2201,2330,2449,2563,2673,2782,2896,3108,,,,,,,,,,,,,,,,,,,,,,,,,,,,,,,,,,,,,,,,,,,,,,,,,,,,,,,,,,,,,,,,,,,,,,,,,,,,,,,,,,,,,,,,,,,,,,,,,,,,,,,,,,,,,,,,,,,,,,,,,,,,,,,,,,,,,,,,,,,,,,,
16,35,49,71,97,123,151,173,199,221,246,272,300,371,421,444,473,494,519,546,578,598,623,656,680,704,728,758,810,841,863,889,919,946,1380,1414,1437,1470,1498,1528,1561,1588,1625,1648,1680,1713,1741,1772,1807,1840,1870,1909,1941,1971,2001,2040,2067,2077,2104,2114,2136,2172,2184,2204,2220,2241,2251,2290,2327,2359,2389,2460,2494,2560,2590,2628,2655,2666,2685,2694,2721,2753,2785,2818,2886,2914,2948,,,,,,,,,,,,,,,,,,,,,,,,,,,,,,,,,,,,,,,,,,,,,,,,,,,,,,,,,,,,,,,,,,,,,,,,,,,,,,,,,,,,
17,52,74,107,133,161,208,234,264,292,319,397,423,449,,,,,,,,,,,,,,,,,,,,,,,,,,,,,,,,,,,,,,,,,,,,,,,,,,,,,,,,,,,,,,,,,,,,,,,,,,,,,,,,,,,,,,,,,,,,,,,,,,,,,,,,,,,,,,,,,,,,,,,,,,,,,,,,,,,,,,,,,,,,,,,,,,,,,,,,,,,,,
19,60,90,121,155,185,219,248,282,346,374,407,433,474,500,536,573,601,636,670,703,733,734,775,808,844,874,909,945,976,1013,1059,1090,1133,1175,1211,1253,1299,1335,1378,1421,1495,1532,1574,1611,1645,1683,1727,1764,1809,1851,1892,1933,1974,2019,2058,2105,2143,2191,2235,2280,2326,2409,2450,2489,2532,2609,2652,2692,2729,2770,2811,2855,2890,2973,3015,3051,3123,,,,,,,,,,,,,,,,,,,,,,,,,,,,,,,,,,,,,,,,,,,,,,,,,,,,,,,,,,,,,,,,,,,,,,,,,,,,,,,,,,,,,,,,,,,,,
23,64,99,139,172,204,279,313,605,648,686,759,800,835,877,914,953,992,1037,1078,1125,1172,1214,1264,1312,1356,1400,1440,1485,1527,1576,1620,1659,1705,1746,1789,1843,1888,1942,1985,2037,2080,2131,2181,2229,2278,2331,2423,2518,2562,2608,2651,2699,2738,2784,2829,2877,2927,,,,,,,,,,,,,,,,,,,,,,,,,,,,,,,,,,,,,,,,,,,,,,,,,,,,,,,,,,,,,,,,,,,,,,,,,,,,,,,,,,,,,,,,,,,,,,,,,,,,,,,,,,,,,,,,,
24,56,78,108,134,160,179,229,256,288,308,309,333,336,358,362,385,392,412,450,463,481,489,511,540,571,594,1170,1200,1240,1279,1298,1314,1351,1388,1423,1638,1736,1765,1792,1832,1866,1968,1999,2069,2106,2174,2247,2282,2316,2354,2519,2551,,,,,,,,,,,,,,,,,,,,,,,,,,,,,,,,,,,,,,,,,,,,,,,,,,,,,,,,,,,,,,,,,,,,,,,,,,,,,,,,,,,,,,,,,,,,,,,,,,,,,,,,,,,,,,,,,,,,,,
25,118,209,301,389,480,666,,,,,,,,,,,,,,,,,,,,,,,,,,,,,,,,,,,,,,,,,,,,,,,,,,,,,,,,,,,,,,,,,,,,,,,,,,,,,,,,,,,,,,,,,,,,,,,,,,,,,,,,,,,,,,,,,,,,,,,,,,,,,,,,,,,,,,,,,,,,,,,,,,,,,,,,,,,,,,,,,,,,
26,116,200,293,380,1131,1242,1357,1465,1571,1674,2709,,,,,,,,,,,,,,,,,,,,,,,,,,,,,,,,,,,,,,,,,,,,,,,,,,,,,,,,,,,,,,,,,,,,,,,,,,,,,,,,,,,,,,,,,,,,,,,,,,,,,,,,,,,,,,,,,,,,,,,,,,,,,,,,,,,,,,,,,,,,,,,,,,,,,,,,,,,,,,,
27,178,220,252,299,331,404,436,478,514,592,633,671,708,751,789,831,868,910,951,995,1036,1082,1127,1176,1218,1270,1368,2841,2888,2935,3024,3154,,,,,,,,,,,,,,,,,,,,,,,,,,,,,,,,,,,,,,,,,,,,,,,,,,,,,,,,,,,,,,,,,,,,,,,,,,,,,,,,,,,,,,,,,,,,,,,,,,,,,,,,,,,,,,,,,,,,,,,,,,,,,,,,,,,,,,,,,,
28,77,125,171,214,257,305,351,394,437,531,585,634,683,726,780,879,922,974,1032,1083,1136,1195,1255,1428,1484,1541,1599,1654,1712,1763,1828,1886,1944,2003,2065,2249,2317,2438,2498,,,,,,,,,,,,,,,,,,,,,,,,,,,,,,,,,,,,,,,,,,,,,,,,,,,,,,,,,,,,,,,,,,,,,,,,,,,,,,,,,,,,,,,,,,,,,,,,,,,,,,,,,,,,,,,,,,,,,,,,,,,,,,,,,,,
31,152,203,267,327,382,432,496,560,615,801,802,1197,1275,1347,1425,1493,1567,1631,1771,1850,1924,1998,2073,2153,2758,,,,,,,,,,,,,,,,,,,,,,,,,,,,,,,,,,,,,,,,,,,,,,,,,,,,,,,,,,,,,,,,,,,,,,,,,,,,,,,,,,,,,,,,,,,,,,,,,,,,,,,,,,,,,,,,,,,,,,,,,,,,,,,,,,,,,,,,,,,,,,,,,
34,76,126,170,254,302,347,387,428,476,518,569,608,664,756,803,854,897,998,1095,1155,1210,1271,1326,1383,1432,1488,1596,1649,1707,1757,1822,1875,1938,1990,2051,2110,2228,2292,2352,2468,2526,2579,2637,2693,2748,2863,2971,3068,,,,,,,,,,,,,,,,,,,,,,,,,,,,,,,,,,,,,,,,,,,,,,,,,,,,,,,,,,,,,,,,,,,,,,,,,,,,,,,,,,,,,,,,,,,,,,,,,,,,,,,,,,,,,,,,,,,,,,,,,,
41,87,138,227,280,330,377,424,475,882,1226,1286,1891,1951,2020,2085,2148,2217,2285,2350,2475,2535,2596,2663,2719,2778,2845,2901,2966,3023,3071,,,,,,,,,,,,,,,,,,,,,,,,,,,,,,,,,,,,,,,,,,,,,,,,,,,,,,,,,,,,,,,,,,,,,,,,,,,,,,,,,,,,,,,,,,,,,,,,,,,,,,,,,,,,,,,,,,,,,,,,,,,,,,,,,,,,,,,,,,,,
46,95,119,191,230,263,306,332,379,405,448,477,522,551,596,629,676,702,754,782,858,904,1016,1070,1107,1825,1881,1919,1975,2070,2109,2170,2207,2266,2309,2369,2462,2499,2554,2589,2646,2681,2731,2766,2824,2864,2917,2958,3010,3042,3089,3125,,,,,,,,,,,,,,,,,,,,,,,,,,,,,,,,,,,,,,,,,,,,,,,,,,,,,,,,,,,,,,,,,,,,,,,,,,,,,,,,,,,,,,,,,,,,,,,,,,,,,,,,,,,,,,,,,,,,,,,
50,83,127,166,201,244,283,322,356,399,516,562,600,690,722,807,887,926,972,1067,1114,1203,1254,1310,1359,1410,1458,1551,1641,1690,1738,1786,1834,1883,1932,1988,2041,2087,2133,2186,2236,2291,2342,2384,2934,2984,3029,3069,3117,,,,,,,,,,,,,,,,,,,,,,,,,,,,,,,,,,,,,,,,,,,,,,,,,,,,,,,,,,,,,,,,,,,,,,,,,,,,,,,,,,,,,,,,,,,,,,,,,,,,,,,,,,,,,,,,,,,,,,,,,,
1,51,79,117,1112,1304,1355,1808,1862,1953,2006,2113,2159,2209,2260,2324,2366,2467,2517,2604,2705,2745,2792,2893,2938,2986,3034,3070,3115,3155,,,,,,,,,,,,,,,,,,,,,,,,,,,,,,,,,,,,,,,,,,,,,,,,,,,,,,,,,,,,,,,,,,,,,,,,,,,,,,,,,,,,,,,,,,,,,,,,,,,,,,,,,,,,,,,,,,,,,,,,,,,,,,,,,,,,,,,,,,,,,
66,164,253,352,442,541,641,743,848,947,1062,1178,1300,1420,1529,1643,1760,2013,2269,2400,2641,2756,2879,2999,3106,,,,,,,,,,,,,,,,,,,,,,,,,,,,,,,,,,,,,,,,,,,,,,,,,,,,,,,,,,,,,,,,,,,,,,,,,,,,,,,,,,,,,,,,,,,,,,,,,,,,,,,,,,,,,,,,,,,,,,,,,,,,,,,,,,,,,,,,,,,,,,,,,,
75,106,132,159,181,207,232,261,291,1102,1134,1169,1194,1227,1261,1295,1324,1352,1386,1418,1443,1473,1503,1535,1569,1590,1626,1652,1678,1711,1740,1767,1794,1833,1864,1897,1962,1991,2029,2059,2094,2124,2157,2192,2258,2295,2329,2362,2394,2428,2490,2525,2553,2581,2615,2649,2677,2708,2735,2771,2828,2891,2924,2957,,,,,,,,,,,,,,,,,,,,,,,,,,,,,,,,,,,,,,,,,,,,,,,,,,,,,,,,,,,,,,,,,,,,,,,,,,,,,,,,,,,,,,,,,,,,,,,,,,,,,,,,,,,
29,82,141,189,242,298,349,400,452,503,565,614,675,724,843,896,952,1074,1206,1281,1342,1542,1604,1735,1793,1867,1940,2004,2139,2221,2293,2432,2503,2569,2635,2765,2836,2899,3032,3086,3151,,,,,,,,,,,,,,,,,,,,,,,,,,,,,,,,,,,,,,,,,,,,,,,,,,,,,,,,,,,,,,,,,,,,,,,,,,,,,,,,,,,,,,,,,,,,,,,,,,,,,,,,,,,,,,,,,,,,,,,,,,,,,,,,,,
44,93,137,177,222,438,484,528,581,626,716,770,816,860,913,958,1007,1066,1118,1173,1231,1285,1340,1399,1451,1563,1616,1722,1778,1836,1896,1950,2011,2068,2130,2188,2248,2313,2370,2431,2488,2545,2602,2660,2718,2764,2823,2880,2937,2992,3045,3090,3145,,,,,,,,,,,,,,,,,,,,,,,,,,,,,,,,,,,,,,,,,,,,,,,,,,,,,,,,,,,,,,,,,,,,,,,,,,,,,,,,,,,,,,,,,,,,,,,,,,,,,,,,,,,,,,,,,,,,,,
112,188,212,239,260,289,338,359,386,413,431,462,486,509,538,568,590,612,644,669,695,721,752,777,804,830,856,883,911,939,969,999,1028,1058,1085,1115,1142,1181,1209,1243,1278,1373,1404,,,,,,,,,,,,,,,,,,,,,,,,,,,,,,,,,,,,,,,,,,,,,,,,,,,,,,,,,,,,,,,,,,,,,,,,,,,,,,,,,,,,,,,,,,,,,,,,,,,,,,,,,,,,,,,,,,,,,,,,,,,,,,,,
124,245,370,620,1344,1657,1817,1978,2147,2793,2951,3094,,,,,,,,,,,,,,,,,,,,,,,,,,,,,,,,,,,,,,,,,,,,,,,,,,,,,,,,,,,,,,,,,,,,,,,,,,,,,,,,,,,,,,,,,,,,,,,,,,,,,,,,,,,,,,,,,,,,,,,,,,,,,,,,,,,,,,,,,,,,,,,,,,,,,,,,,,,,,,,
85,136,224,273,320,409,453,497,545,593,639,692,787,837,885,936,984,1040,1091,1149,1213,1272,1330,1389,1442,1552,1662,1717,1774,1837,1899,1957,2023,2081,2140,2205,2267,2333,2388,2451,2566,2682,2795,3027,,,,,,,,,,,,,,,,,,,,,,,,,,,,,,,,,,,,,,,,,,,,,,,,,,,,,,,,,,,,,,,,,,,,,,,,,,,,,,,,,,,,,,,,,,,,,,,,,,,,,,,,,,,,,,,,,,,,,,,,,,,,,,,
174,218,226,258,275,307,316,328,353,365,396,402,415,435,441,458,468,485,488,504,508,529,530,555,561,582,583,603,606,630,655,661,678,696,699,749,774,796,799,819,845,865,892,894,917,942,967,996,997,1017,1046,1048,1072,1099,1101,1129,1157,1160,1215,1220,1244,1262,1277,1283,1302,1318,1331,1338,1363,1392,1427,1445,1453,1471,1499,1515,1523,1538,1568,1579,1591,1623,1633,1644,1663,1675,1688,1718,1731,1743,1773,1785,1801,1820,1847,1863,1876,1893,1912,1923,1939,1952,1966,1981,1994,2016,2033,2047,2055,2072,2088,2120,2134,2151,2168,2183,2198,2215,2224,2256,2281,2289,2304,2325,2346,2353,2380,2407,2411,2424,2441,2463,2470,2484,2501,2530,2559,2576,2582,2594,2614,2640,2654,2670,2691,2696,2710,2747,2751,2762,2779,2805,2809,2821,2843,2869,2871,2881,2897,2929,2940,2959,2981,2983,2994,3035,3037,3083,3085,3139,3140
192,241,297,321,368,1308,1337,1374,1466,1526,,,,,,,,,,,,,,,,,,,,,,,,,,,,,,,,,,,,,,,,,,,,,,,,,,,,,,,,,,,,,,,,,,,,,,,,,,,,,,,,,,,,,,,,,,,,,,,,,,,,,,,,,,,,,,,,,,,,,,,,,,,,,,,,,,,,,,,,,,,,,,,,,,,,,,,,,,,,,,,,,
198,250,303,1682,1744,,,,,,,,,,,,,,,,,,,,,,,,,,,,,,,,,,,,,,,,,,,,,,,,,,,,,,,,,,,,,,,,,,,,,,,,,,,,,,,,,,,,,,,,,,,,,,,,,,,,,,,,,,,,,,,,,,,,,,,,,,,,,,,,,,,,,,,,,,,,,,,,,,,,,,,,,,,,,,,,,,,,,,
206,268,324,378,1033,1391,1457,1524,1873,1946,2028,,,,,,,,,,,,,,,,,,,,,,,,,,,,,,,,,,,,,,,,,,,,,,,,,,,,,,,,,,,,,,,,,,,,,,,,,,,,,,,,,,,,,,,,,,,,,,,,,,,,,,,,,,,,,,,,,,,,,,,,,,,,,,,,,,,,,,,,,,,,,,,,,,,,,,,,,,,,,,,,
278,499,616,738,857,1120,2103,2408,2683,2969,3099,,,,,,,,,,,,,,,,,,,,,,,,,,,,,,,,,,,,,,,,,,,,,,,,,,,,,,,,,,,,,,,,,,,,,,,,,,,,,,,,,,,,,,,,,,,,,,,,,,,,,,,,,,,,,,,,,,,,,,,,,,,,,,,,,,,,,,,,,,,,,,,,,,,,,,,,,,,,,,,,
69,295,348,401,455,513,579,697,825,886,950,1008,1079,1147,1221,1297,1434,1500,1634,1709,1775,1853,1925,,,,,,,,,,,,,,,,,,,,,,,,,,,,,,,,,,,,,,,,,,,,,,,,,,,,,,,,,,,,,,,,,,,,,,,,,,,,,,,,,,,,,,,,,,,,,,,,,,,,,,,,,,,,,,,,,,,,,,,,,,,,,,,,,,,,,,,,,,,,,,,,,,,,
314,355,403,445,533,586,631,677,772,817,862,912,961,1009,1068,1124,1182,1237,1296,1346,1406,1517,1566,1622,1670,1723,1777,1839,1898,1954,2018,2076,2135,2197,2255,2322,2375,2434,2550,2772,2826,2887,2942,3052,3096,,,,,,,,,,,,,,,,,,,,,,,,,,,,,,,,,,,,,,,,,,,,,,,,,,,,,,,,,,,,,,,,,,,,,,,,,,,,,,,,,,,,,,,,,,,,,,,,,,,,,,,,,,,,,,,,,,,,,,,,,,,,,,
408,515,575,627,687,1815,,,,,,,,,,,,,,,,,,,,,,,,,,,,,,,,,,,,,,,,,,,,,,,,,,,,,,,,,,,,,,,,,,,,,,,,,,,,,,,,,,,,,,,,,,,,,,,,,,,,,,,,,,,,,,,,,,,,,,,,,,,,,,,,,,,,,,,,,,,,,,,,,,,,,,,,,,,,,,,,,,,,,
418,440,521,602,632,662,688,709,736,767,790,820,851,899,929,957,1047,1077,1109,,,,,,,,,,,,,,,,,,,,,,,,,,,,,,,,,,,,,,,,,,,,,,,,,,,,,,,,,,,,,,,,,,,,,,,,,,,,,,,,,,,,,,,,,,,,,,,,,,,,,,,,,,,,,,,,,,,,,,,,,,,,,,,,,,,,,,,,,,,,,,,,,,,,,,,,
354,464,1492,1555,1624,,,,,,,,,,,,,,,,,,,,,,,,,,,,,,,,,,,,,,,,,,,,,,,,,,,,,,,,,,,,,,,,,,,,,,,,,,,,,,,,,,,,,,,,,,,,,,,,,,,,,,,,,,,,,,,,,,,,,,,,,,,,,,,,,,,,,,,,,,,,,,,,,,,,,,,,,,,,,,,,,,,,,,
487,510,572,622,660,685,707,731,768,792,881,903,935,993,1024,1060,1222,1256,1289,1325,2265,2307,2347,2376,2415,2445,2483,2514,2546,2578,2611,2645,2678,2711,2741,2775,2812,2848,2878,2909,2944,2978,3012,3040,3066,3095,3129,,,,,,,,,,,,,,,,,,,,,,,,,,,,,,,,,,,,,,,,,,,,,,,,,,,,,,,,,,,,,,,,,,,,,,,,,,,,,,,,,,,,,,,,,,,,,,,,,,,,,,,,,,,,,,,,,,,,,,,,,,,,
434,544,658,869,987,1246,1754,,,,,,,,,,,,,,,,,,,,,,,,,,,,,,,,,,,,,,,,,,,,,,,,,,,,,,,,,,,,,,,,,,,,,,,,,,,,,,,,,,,,,,,,,,,,,,,,,,,,,,,,,,,,,,,,,,,,,,,,,,,,,,,,,,,,,,,,,,,,,,,,,,,,,,,,,,,,,,,,,,,,
547,657,760,861,975,1089,1223,1350,,,,,,,,,,,,,,,,,,,,,,,,,,,,,,,,,,,,,,,,,,,,,,,,,,,,,,,,,,,,,,,,,,,,,,,,,,,,,,,,,,,,,,,,,,,,,,,,,,,,,,,,,,,,,,,,,,,,,,,,,,,,,,,,,,,,,,,,,,,,,,,,,,,,,,,,,,,,,,,,,,,
587,725,826,871,921,973,1030,1135,1196,1260,1317,1377,1429,1487,1651,1710,1761,1826,1882,1943,2064,2190,2250,2379,2439,2500,,,,,,,,,,,,,,,,,,,,,,,,,,,,,,,,,,,,,,,,,,,,,,,,,,,,,,,,,,,,,,,,,,,,,,,,,,,,,,,,,,,,,,,,,,,,,,,,,,,,,,,,,,,,,,,,,,,,,,,,,,,,,,,,,,,,,,,,,,,,,,,,,
599,746,1673,1783,1908,1967,2090,2218,2279,2345,2401,2459,2520,2575,2629,2690,2804,2865,2926,2980,3036,3084,3143,,,,,,,,,,,,,,,,,,,,,,,,,,,,,,,,,,,,,,,,,,,,,,,,,,,,,,,,,,,,,,,,,,,,,,,,,,,,,,,,,,,,,,,,,,,,,,,,,,,,,,,,,,,,,,,,,,,,,,,,,,,,,,,,,,,,,,,,,,,,,,,,,,,,
701,744,788,878,918,964,1005,1064,1103,1150,1201,1258,1311,1361,1411,1459,1508,1556,1602,1655,1699,1750,1803,1857,1913,1960,2015,2066,2122,2175,2230,2287,2344,2447,2502,2552,2750,2800,2854,2900,2955,3006,3050,3091,3141,,,,,,,,,,,,,,,,,,,,,,,,,,,,,,,,,,,,,,,,,,,,,,,,,,,,,,,,,,,,,,,,,,,,,,,,,,,,,,,,,,,,,,,,,,,,,,,,,,,,,,,,,,,,,,,,,,,,,,,,,,,,,,
748,773,795,818,846,864,890,916,968,994,1018,1045,1073,1132,1158,1192,1216,1248,1280,1332,1369,1393,1424,1449,1478,1501,1530,1562,1586,1640,1696,1724,1752,1781,1812,1842,1871,1905,1931,1963,1992,2026,2053,2083,2116,2141,2180,2208,2240,2270,2303,2334,2365,2392,2457,2716,,,,,,,,,,,,,,,,,,,,,,,,,,,,,,,,,,,,,,,,,,,,,,,,,,,,,,,,,,,,,,,,,,,,,,,,,,,,,,,,,,,,,,,,,,,,,,,,,,,,,,,,,,,,,,,,,,,
873,977,1901,1964,2034,2097,2165,2296,2429,,,,,,,,,,,,,,,,,,,,,,,,,,,,,,,,,,,,,,,,,,,,,,,,,,,,,,,,,,,,,,,,,,,,,,,,,,,,,,,,,,,,,,,,,,,,,,,,,,,,,,,,,,,,,,,,,,,,,,,,,,,,,,,,,,,,,,,,,,,,,,,,,,,,,,,,,,,,,,,,,,
700,893,991,1092,1327,1435,1759,1995,2482,,,,,,,,,,,,,,,,,,,,,,,,,,,,,,,,,,,,,,,,,,,,,,,,,,,,,,,,,,,,,,,,,,,,,,,,,,,,,,,,,,,,,,,,,,,,,,,,,,,,,,,,,,,,,,,,,,,,,,,,,,,,,,,,,,,,,,,,,,,,,,,,,,,,,,,,,,,,,,,,,,
895,949,1000,1106,1168,1219,1282,1333,1394,1448,1504,1560,1618,1672,1730,1784,1848,1907,1965,2027,2086,2145,2213,2272,2335,2398,2458,2516,2572,2627,2687,2742,2801,2862,2918,2976,3033,3079,3135,,,,,,,,,,,,,,,,,,,,,,,,,,,,,,,,,,,,,,,,,,,,,,,,,,,,,,,,,,,,,,,,,,,,,,,,,,,,,,,,,,,,,,,,,,,,,,,,,,,,,,,,,,,,,,,,,,,,,,,,,,,,,,,,,,,,
932,959,989,1054,1185,1247,1348,1441,1476,1512,1537,1573,1632,1661,1728,1788,,,,,,,,,,,,,,,,,,,,,,,,,,,,,,,,,,,,,,,,,,,,,,,,,,,,,,,,,,,,,,,,,,,,,,,,,,,,,,,,,,,,,,,,,,,,,,,,,,,,,,,,,,,,,,,,,,,,,,,,,,,,,,,,,,,,,,,,,,,,,,,,,,,,,,,,,,,
753,1004,1145,1446,1587,2036,2355,2659,2808,,,,,,,,,,,,,,,,,,,,,,,,,,,,,,,,,,,,,,,,,,,,,,,,,,,,,,,,,,,,,,,,,,,,,,,,,,,,,,,,,,,,,,,,,,,,,,,,,,,,,,,,,,,,,,,,,,,,,,,,,,,,,,,,,,,,,,,,,,,,,,,,,,,,,,,,,,,,,,,,,,
393,472,1014,1239,1273,,,,,,,,,,,,,,,,,,,,,,,,,,,,,,,,,,,,,,,,,,,,,,,,,,,,,,,,,,,,,,,,,,,,,,,,,,,,,,,,,,,,,,,,,,,,,,,,,,,,,,,,,,,,,,,,,,,,,,,,,,,,,,,,,,,,,,,,,,,,,,,,,,,,,,,,,,,,,,,,,,,,,,
1063,1105,1263,1313,1364,1415,1462,1514,1601,1650,1698,1745,1796,1854,1956,2010,2062,2121,2227,2284,2340,2387,2442,2497,2544,2593,2647,2695,2743,2794,2850,2947,2996,3087,,,,,,,,,,,,,,,,,,,,,,,,,,,,,,,,,,,,,,,,,,,,,,,,,,,,,,,,,,,,,,,,,,,,,,,,,,,,,,,,,,,,,,,,,,,,,,,,,,,,,,,,,,,,,,,,,,,,,,,,,,,,,,,,,,,,,,,,,
1065,1104,1151,1202,1259,1362,1412,1557,1603,1656,,,,,,,,,,,,,,,,,,,,,,,,,,,,,,,,,,,,,,,,,,,,,,,,,,,,,,,,,,,,,,,,,,,,,,,,,,,,,,,,,,,,,,,,,,,,,,,,,,,,,,,,,,,,,,,,,,,,,,,,,,,,,,,,,,,,,,,,,,,,,,,,,,,,,,,,,,,,,,,,,
1198,1236,1266,1328,3101,,,,,,,,,,,,,,,,,,,,,,,,,,,,,,,,,,,,,,,,,,,,,,,,,,,,,,,,,,,,,,,,,,,,,,,,,,,,,,,,,,,,,,,,,,,,,,,,,,,,,,,,,,,,,,,,,,,,,,,,,,,,,,,,,,,,,,,,,,,,,,,,,,,,,,,,,,,,,,,,,,,,,,
1323,1367,1408,1444,1483,1525,1570,1646,1993,2044,2084,2129,2176,2223,2262,2315,2360,2406,2448,2493,2534,2577,2619,2665,2704,2744,2786,2831,2875,2915,2963,3007,3043,3074,3119,,,,,,,,,,,,,,,,,,,,,,,,,,,,,,,,,,,,,,,,,,,,,,,,,,,,,,,,,,,,,,,,,,,,,,,,,,,,,,,,,,,,,,,,,,,,,,,,,,,,,,,,,,,,,,,,,,,,,,,,,,,,,,,,,,,,,,,,
908,1003,1341,1452,1564,1782,1902,2025,2138,2504,2616,2725,2839,3059,,,,,,,,,,,,,,,,,,,,,,,,,,,,,,,,,,,,,,,,,,,,,,,,,,,,,,,,,,,,,,,,,,,,,,,,,,,,,,,,,,,,,,,,,,,,,,,,,,,,,,,,,,,,,,,,,,,,,,,,,,,,,,,,,,,,,,,,,,,,,,,,,,,,,,,,,,,,,
1291,1343,1454,1516,1565,1621,1671,1725,1900,2017,2075,2132,2194,,,,,,,,,,,,,,,,,,,,,,,,,,,,,,,,,,,,,,,,,,,,,,,,,,,,,,,,,,,,,,,,,,,,,,,,,,,,,,,,,,,,,,,,,,,,,,,,,,,,,,,,,,,,,,,,,,,,,,,,,,,,,,,,,,,,,,,,,,,,,,,,,,,,,,,,,,,,,,
880,928,979,1228,1290,1354,,,,,,,,,,,,,,,,,,,,,,,,,,,,,,,,,,,,,,,,,,,,,,,,,,,,,,,,,,,,,,,,,,,,,,,,,,,,,,,,,,,,,,,,,,,,,,,,,,,,,,,,,,,,,,,,,,,,,,,,,,,,,,,,,,,,,,,,,,,,,,,,,,,,,,,,,,,,,,,,,,,,,
1635,1660,1689,1716,1742,1770,1797,1831,1861,1922,1977,2007,2063,2095,2125,2154,2185,2216,2246,2275,,,,,,,,,,,,,,,,,,,,,,,,,,,,,,,,,,,,,,,,,,,,,,,,,,,,,,,,,,,,,,,,,,,,,,,,,,,,,,,,,,,,,,,,,,,,,,,,,,,,,,,,,,,,,,,,,,,,,,,,,,,,,,,,,,,,,,,,,,,,,,,,,,,,,,,
1636,1685,1776,1823,1872,1917,1969,2008,2061,2163,2202,2257,2305,2402,2455,2547,2584,2634,2676,2723,2761,2816,2906,2950,3000,,,,,,,,,,,,,,,,,,,,,,,,,,,,,,,,,,,,,,,,,,,,,,,,,,,,,,,,,,,,,,,,,,,,,,,,,,,,,,,,,,,,,,,,,,,,,,,,,,,,,,,,,,,,,,,,,,,,,,,,,,,,,,,,,,,,,,,,,,,,,,,,,,
1086,1387,1481,1639,1706,,,,,,,,,,,,,,,,,,,,,,,,,,,,,,,,,,,,,,,,,,,,,,,,,,,,,,,,,,,,,,,,,,,,,,,,,,,,,,,,,,,,,,,,,,,,,,,,,,,,,,,,,,,,,,,,,,,,,,,,,,,,,,,,,,,,,,,,,,,,,,,,,,,,,,,,,,,,,,,,,,,,,,
1849,1947,1986,2054,2089,2126,2160,2195,2261,2302,2341,2371,2410,2440,2476,2507,2541,2573,2607,2639,2672,2706,2734,2769,2837,2872,2898,2936,2968,3002,3031,3062,3088,3120,,,,,,,,,,,,,,,,,,,,,,,,,,,,,,,,,,,,,,,,,,,,,,,,,,,,,,,,,,,,,,,,,,,,,,,,,,,,,,,,,,,,,,,,,,,,,,,,,,,,,,,,,,,,,,,,,,,,,,,,,,,,,,,,,,,,,,,,,
1884,1997,2117,2239,2358,2478,2586,2806,2925,3030,3132,,,,,,,,,,,,,,,,,,,,,,,,,,,,,,,,,,,,,,,,,,,,,,,,,,,,,,,,,,,,,,,,,,,,,,,,,,,,,,,,,,,,,,,,,,,,,,,,,,,,,,,,,,,,,,,,,,,,,,,,,,,,,,,,,,,,,,,,,,,,,,,,,,,,,,,,,,,,,,,,
1753,1824,1856,2009,2049,2112,2203,2243,2337,2403,2436,2464,2585,2648,,,,,,,,,,,,,,,,,,,,,,,,,,,,,,,,,,,,,,,,,,,,,,,,,,,,,,,,,,,,,,,,,,,,,,,,,,,,,,,,,,,,,,,,,,,,,,,,,,,,,,,,,,,,,,,,,,,,,,,,,,,,,,,,,,,,,,,,,,,,,,,,,,,,,,,,,,,,,
1790,2092,2152,2214,2274,2336,2395,2513,2567,2623,2680,2733,2791,2853,2903,2965,3018,3065,,,,,,,,,,,,,,,,,,,,,,,,,,,,,,,,,,,,,,,,,,,,,,,,,,,,,,,,,,,,,,,,,,,,,,,,,,,,,,,,,,,,,,,,,,,,,,,,,,,,,,,,,,,,,,,,,,,,,,,,,,,,,,,,,,,,,,,,,,,,,,,,,,,,,,,,,
2111,2171,2234,2294,2357,2419,2477,2533,2588,2644,2702,2815,2873,2932,2991,3046,3092,3148,,,,,,,,,,,,,,,,,,,,,,,,,,,,,,,,,,,,,,,,,,,,,,,,,,,,,,,,,,,,,,,,,,,,,,,,,,,,,,,,,,,,,,,,,,,,,,,,,,,,,,,,,,,,,,,,,,,,,,,,,,,,,,,,,,,,,,,,,,,,,,,,,,,,,,,,,
1920,2043,2158,2286,2524,,,,,,,,,,,,,,,,,,,,,,,,,,,,,,,,,,,,,,,,,,,,,,,,,,,,,,,,,,,,,,,,,,,,,,,,,,,,,,,,,,,,,,,,,,,,,,,,,,,,,,,,,,,,,,,,,,,,,,,,,,,,,,,,,,,,,,,,,,,,,,,,,,,,,,,,,,,,,,,,,,,,,,
2237,2310,2444,2481,2509,2542,2574,2605,2671,2703,2732,2763,2797,2830,2868,2931,2993,3022,3076,3111,3142,,,,,,,,,,,,,,,,,,,,,,,,,,,,,,,,,,,,,,,,,,,,,,,,,,,,,,,,,,,,,,,,,,,,,,,,,,,,,,,,,,,,,,,,,,,,,,,,,,,,,,,,,,,,,,,,,,,,,,,,,,,,,,,,,,,,,,,,,,,,,,,,,,,,,,
1959,2099,2244,2382,2521,2650,2777,2907,3041,,,,,,,,,,,,,,,,,,,,,,,,,,,,,,,,,,,,,,,,,,,,,,,,,,,,,,,,,,,,,,,,,,,,,,,,,,,,,,,,,,,,,,,,,,,,,,,,,,,,,,,,,,,,,,,,,,,,,,,,,,,,,,,,,,,,,,,,,,,,,,,,,,,,,,,,,,,,,,,,,,
2349,2606,2728,2867,2997,3113,,,,,,,,,,,,,,,,,,,,,,,,,,,,,,,,,,,,,,,,,,,,,,,,,,,,,,,,,,,,,,,,,,,,,,,,,,,,,,,,,,,,,,,,,,,,,,,,,,,,,,,,,,,,,,,,,,,,,,,,,,,,,,,,,,,,,,,,,,,,,,,,,,,,,,,,,,,,,,,,,,,,,
2252,2253,2318,2319,2373,2374,,,,,,,,,,,,,,,,,,,,,,,,,,,,,,,,,,,,,,,,,,,,,,,,,,,,,,,,,,,,,,,,,,,,,,,,,,,,,,,,,,,,,,,,,,,,,,,,,,,,,,,,,,,,,,,,,,,,,,,,,,,,,,,,,,,,,,,,,,,,,,,,,,,,,,,,,,,,,,,,,,,,,
2418,2472,2531,2583,2642,2697,2752,2807,2870,2920,2975,3026,3072,3128,,,,,,,,,,,,,,,,,,,,,,,,,,,,,,,,,,,,,,,,,,,,,,,,,,,,,,,,,,,,,,,,,,,,,,,,,,,,,,,,,,,,,,,,,,,,,,,,,,,,,,,,,,,,,,,,,,,,,,,,,,,,,,,,,,,,,,,,,,,,,,,,,,,,,,,,,,,,,
2399,2549,2618,2689,2757,,,,,,,,,,,,,,,,,,,,,,,,,,,,,,,,,,,,,,,,,,,,,,,,,,,,,,,,,,,,,,,,,,,,,,,,,,,,,,,,,,,,,,,,,,,,,,,,,,,,,,,,,,,,,,,,,,,,,,,,,,,,,,,,,,,,,,,,,,,,,,,,,,,,,,,,,,,,,,,,,,,,,,
2539,2668,2788,2919,3039,,,,,,,,,,,,,,,,,,,,,,,,,,,,,,,,,,,,,,,,,,,,,,,,,,,,,,,,,,,,,,,,,,,,,,,,,,,,,,,,,,,,,,,,,,,,,,,,,,,,,,,,,,,,,,,,,,,,,,,,,,,,,,,,,,,,,,,,,,,,,,,,,,,,,,,,,,,,,,,,,,,,,,
39,1029,2022,2093,2783,,,,,,,,,,,,,,,,,,,,,,,,,,,,,,,,,,,,,,,,,,,,,,,,,,,,,,,,,,,,,,,,,,,,,,,,,,,,,,,,,,,,,,,,,,,,,,,,,,,,,,,,,,,,,,,,,,,,,,,,,,,,,,,,,,,,,,,,,,,,,,,,,,,,,,,,,,,,,,,,,,,,,,
2810,2844,2939,2970,3028,3061,3081,,,,,,,,,,,,,,,,,,,,,,,,,,,,,,,,,,,,,,,,,,,,,,,,,,,,,,,,,,,,,,,,,,,,,,,,,,,,,,,,,,,,,,,,,,,,,,,,,,,,,,,,,,,,,,,,,,,,,,,,,,,,,,,,,,,,,,,,,,,,,,,,,,,,,,,,,,,,,,,,,,,,
2714,2767,2822,2884,2941,2995,3049,3097,,,,,,,,,,,,,,,,,,,,,,,,,,,,,,,,,,,,,,,,,,,,,,,,,,,,,,,,,,,,,,,,,,,,,,,,,,,,,,,,,,,,,,,,,,,,,,,,,,,,,,,,,,,,,,,,,,,,,,,,,,,,,,,,,,,,,,,,,,,,,,,,,,,,,,,,,,,,,,,,,,,
